120212077, Tracey Sims, https://randomuser.me/api/portraits/women/5.jpg
10055500, Tim Gordon, https://randomuser.me/api/portraits/men/93.jpg
503777845, Kyle Reynolds, https://randomuser.me/api/portraits/men/54.jpg
558542631, Kim Lambert, https://randomuser.me/api/portraits/women/3.jpg
93975248, Christian Green, https://randomuser.me/api/portraits/men/75.jpg
741998972, Judy Kelly, https://randomuser.me/api/portraits/women/79.jpg
962038478, Leta Graham, https://randomuser.me/api/portraits/women/83.jpg
178970631, Tracey Tucker, https://randomuser.me/api/portraits/women/62.jpg
488740637, Grace Wagner, https://randomuser.me/api/portraits/women/51.jpg
542172713, Max Hayes, https://randomuser.me/api/portraits/men/22.jpg
